<?xml version="1.0" encoding="UTF-8" standalone="yes"?>
<addon id="plugin.video.cream"
       name="Cream"
       version="1.2.43"
       provider-name="circero">
    <requires>
        <import addon="script.module.six" />
        <import addon="script.module.kodi-six" />
        <import addon="script.module.resolveurl" version="5.0.00" />
        <import addon="script.module.resolveurl.xxx" version="2.0.1" />
        <import addon="script.common.plugin.cache" />
        <import addon="script.module.beautifulsoup4" />
        <import addon="script.module.html5lib" />
        <import addon="script.module.websocket" version="0.50.0" />
        <import addon="script.module.requests" optional="true" />
    </requires>
    <extension point="xbmc.python.pluginsource"
               library="default.py">
        <provides>video</provides>
    </extension>
    <extension point="xbmc.addon.metadata">
        <platform>all</platform>
        <license>GPL 2.0</license>
        <summary lang="en">Watch [COLOR red][B]ADULT[/B][/COLOR] Movies with Cream</summary>
        <description lang="en">Watch [COLOR red][B]ADULT[/B][/COLOR] Movies with Ultimate Cream</description>
		<disclaimer lang="en">The author does not host or distribute any of the content displayed by this addon. The author does not have any affiliation with the content provider. DMCA - holisticdioxide@protonmail.com</disclaimer>
		<assets>
			<icon>icon.gif</icon>
			<fanart>fanart.jpg</fanart>
		</assets>
        <news>[B]Jerk Off[/B] Please</news>
    </extension>
</addon>
