<?xml version="1.0" encoding="UTF-8" standalone="yes"?>
<addon id="circero.weaver" name="Circero Weaver" version="1.0.0" provider-name="CIRCERO">
    <extension point="xbmc.addon.repository" name="Circero Weaver">
        <dir>
            <info compressed="false">https://raw.githubusercontent.com/CIRCERO/circero.weaver/master/repo/zips/addons.xml</info>
            <checksum>https://raw.githubusercontent.com/CIRCERO/circero.weaver/master/repo/zips/addons.xml.md5</checksum>
            <datadir zip="true">https://raw.githubusercontent.com/CIRCERO/circero.weaver/master/repo/zips/</datadir>
        </dir>
    </extension>
    <extension point="xbmc.addon.metadata">
        <summary>Circero Weaver</summary>
        <description>Circero Weaver</description>
        <disclaimer></disclaimer>
        <platform>all</platform>
        <assets>
            <icon>icon.png</icon>
            <fanart>fanart.jpg</fanart>
        </assets>
    </extension>
</addon>